﻿<?xml version="1.0" encoding="utf-8"?>
<doc>
  <assembly>
    <name>Microsoft.Owin.Security</name>
  </assembly>
  <members>
    <member name="T:Microsoft.Owin.Security.AppBuilderSecurityExtensions">
      <summary>Provides extensions methods for app.Property values that are only needed by implementations of authentication middleware.</summary>
    </member>
    <member name="M:Microsoft.Owin.Security.AppBuilderSecurityExtensions.GetDefaultSignInAsAuthenticationType(Owin.IAppBuilder)">
      <summary>Returns the previously set AuthenticationType that external sign in middleware should use when the browser navigates back to their return url.</summary>
      <param name="app">App builder passed to the application startup code</param>
    </member>
    <member name="M:Microsoft.Owin.Security.AppBuilderSecurityExtensions.SetDefaultSignInAsAuthenticationType(Owin.IAppBuilder,System.String)">
      <summary>Called by middleware to change the name of the AuthenticationType that external middleware should use when the browser navigates back to their return url.</summary>
      <param name="app">App builder passed to the application startup code</param>
      <param name="authenticationType">AuthenticationType that external middleware should sign in as.</param>
    </member>
    <member name="T:Microsoft.Owin.Security.AuthenticationMode">
      <summary> Détermine le comportement de l'intergiciel (middleware) d'authentification.</summary>
    </member>
    <member name="F:Microsoft.Owin.Security.AuthenticationMode.Active">
      <summary> En mode actif, l'intergiciel (middleware) d'authentification modifie l'identité de l'utilisateur à l'arrivée de la demande, et modifie également un simple 401 au départ de la réponse. </summary>
    </member>
    <member name="F:Microsoft.Owin.Security.AuthenticationMode.Passive">
      <summary> En mode passif, l'intergiciel (middleware) d'authentification fournit l'identité utilisateur seulement sur demande, et modifie également les réponses  401 seulement quand le type d'authentification est nommé dans les données de stimulation supplémentaires. </summary>
    </member>
    <member name="T:Microsoft.Owin.Security.AuthenticationOptions">
      <summary>Options de base pour tout l'intergiciel (middleware) d'authentification.</summary>
    </member>
    <member name="M:Microsoft.Owin.Security.AuthenticationOptions.#ctor(System.String)">
      <summary>Initialise les propriétés de la classe de base AuthenticationOptions.</summary>
      <param name="authenticationType">Attribué à la propriété AuthenticationType.</param>
    </member>
    <member name="P:Microsoft.Owin.Security.AuthenticationOptions.AuthenticationMode">
      <summary>Si actif, l'intergiciel (middleware) de l'authentification modifie la demande d'utilisateur entrante et modifie les réponses non autorisées 401 sortantes.Si passif, l'intergiciel (middleware) de l'authentification fournit l'identité et modifie les réponses uniquement quand cela est indiqué de manière explicite par  l'AuthenticationType.</summary>
      <returns>Mode d'authentification.</returns>
    </member>
    <member name="P:Microsoft.Owin.Security.AuthenticationOptions.AuthenticationType">
      <summary>L'AuthenticationType dans les options correspond à la propriété IIdentity AuthenticationType.Une valeur différente peut être attribuée afin d'utiliser le même type d'intergiciel (middleware) d'authentification plus d'une fois dans un pipeline.</summary>
      <returns>Le type d'authentification.</returns>
    </member>
    <member name="P:Microsoft.Owin.Security.AuthenticationOptions.Description">
      <summary>Informations supplémentaires sur le type d'authentification qui est mis à la disposition de l'application.</summary>
      <returns>Informations supplémentaires sur la propriété.</returns>
    </member>
    <member name="T:Microsoft.Owin.Security.AuthenticationTicket">
      <summary>Représente un ticket d'authentification.</summary>
    </member>
    <member name="M:Microsoft.Owin.Security.AuthenticationTicket.#ctor(System.Security.Claims.ClaimsIdentity,Microsoft.Owin.Security.AuthenticationProperties)"></member>
    <member name="P:Microsoft.Owin.Security.AuthenticationTicket.Identity">
      <summary>Obtient ou définit l'identité de ce ticket.</summary>
      <returns>L'identité de ce ticket.</returns>
    </member>
    <member name="P:Microsoft.Owin.Security.AuthenticationTicket.Properties"></member>
    <member name="T:Microsoft.Owin.Security.CertificateSubjectKeyIdentifierValidator">
      <summary>Provides pinned certificate validation based on the subject key identifier of the certificate.</summary>
    </member>
    <member name="M:Microsoft.Owin.Security.CertificateSubjectKeyIdentifierValidator.#ctor(System.Collections.Generic.IEnumerable{System.String})">
      <summary>Initializes a new instance of the <see cref="T:Microsoft.Owin.Security.CertificateSubjectKeyIdentifierValidator" /> class.</summary>
      <param name="validSubjectKeyIdentifiers">A set of subject key identifiers which are valid for an HTTPS request.</param>
    </member>
    <member name="M:Microsoft.Owin.Security.CertificateSubjectKeyIdentifierValidator.Validate(System.Object,System.Security.Cryptography.X509Certificates.X509Certificate,System.Security.Cryptography.X509Certificates.X509Chain,System.Net.Security.SslPolicyErrors)"></member>
    <member name="T:Microsoft.Owin.Security.CertificateSubjectPublicKeyInfoValidator">
      <summary>Provides method to validate the certificate subject public key info.</summary>
    </member>
    <member name="M:Microsoft.Owin.Security.CertificateSubjectPublicKeyInfoValidator.#ctor(System.Collections.Generic.IEnumerable{System.String},Microsoft.Owin.Security.SubjectPublicKeyInfoAlgorithm)">
      <summary>Initializes a new instance of the <see cref="T:Microsoft.Owin.Security.CertificateSubjectPublicKeyInfoValidator" /> class.</summary>
      <param name="validBase64EncodedSubjectPublicKeyInfoHashes">The subject public key info to validate.</param>
      <param name="algorithm">The algorithm used to encrypt the public key.</param>
    </member>
    <member name="M:Microsoft.Owin.Security.CertificateSubjectPublicKeyInfoValidator.Validate(System.Object,System.Security.Cryptography.X509Certificates.X509Certificate,System.Security.Cryptography.X509Certificates.X509Chain,System.Net.Security.SslPolicyErrors)">
      <summary>Validates the subject public key info.</summary>
      <returns>true if the subject public key info is valid; otherwise, false.</returns>
      <param name="sender">The certificate sender.</param>
      <param name="certificate">The certificate that contains the subject public key info.</param>
      <param name="chain">The certificate chain.</param>
      <param name="sslPolicyErrors">The SSL policy errors.</param>
    </member>
    <member name="T:Microsoft.Owin.Security.CertificateThumbprintValidator">
      <summary>Represents the thumbprint validator.</summary>
    </member>
    <member name="M:Microsoft.Owin.Security.CertificateThumbprintValidator.#ctor(System.Collections.Generic.IEnumerable{System.String})">
      <summary>Initializes a new instance of the <see cref="T:Microsoft.Owin.Security.CertificateThumbprintValidator" /> class.</summary>
      <param name="validThumbprints">The valid thumbprints.</param>
    </member>
    <member name="M:Microsoft.Owin.Security.CertificateThumbprintValidator.Validate(System.Object,System.Security.Cryptography.X509Certificates.X509Certificate,System.Security.Cryptography.X509Certificates.X509Chain,System.Net.Security.SslPolicyErrors)">
      <summary>Indicates whether the validator validates the certificate.</summary>
      <returns>true if the validator validates the certificate; otherwise, false.</returns>
      <param name="sender">The sender.</param>
      <param name="certificate">The certificate.</param>
      <param name="chain">The chain.</param>
      <param name="sslPolicyErrors">The errors in Ssl policy.</param>
    </member>
    <member name="T:Microsoft.Owin.Security.ICertificateValidator">
      <summary>Represents the list of objects being validated by the certificate validator.</summary>
    </member>
    <member name="M:Microsoft.Owin.Security.ICertificateValidator.Validate(System.Object,System.Security.Cryptography.X509Certificates.X509Certificate,System.Security.Cryptography.X509Certificates.X509Chain,System.Net.Security.SslPolicyErrors)">
      <summary>Indicates whether certificate was validated by the validator.</summary>
      <returns>true if the certificate was validated; otherwise, false.</returns>
      <param name="sender">The sender.</param>
      <param name="certificate">The certificate.</param>
      <param name="chain">The chain.</param>
      <param name="sslPolicyErrors">The Ssl Policy Errors.</param>
    </member>
    <member name="T:Microsoft.Owin.Security.ISecureDataFormat`1">
      <summary>Represents the data to secrure.</summary>
      <typeparam name="TData">The generic type data.</typeparam>
    </member>
    <member name="M:Microsoft.Owin.Security.ISecureDataFormat`1.Protect(`0)">
      <summary>Protects a data so that it cannot be formatted.</summary>
      <returns>A data to protect.</returns>
      <param name="data">The data.</param>
    </member>
    <member name="M:Microsoft.Owin.Security.ISecureDataFormat`1.Unprotect(System.String)">
      <summary>Decrypts the data in a specified text.</summary>
      <returns>The data to decrypt.</returns>
      <param name="protectedText">The protected text.</param>
    </member>
    <member name="T:Microsoft.Owin.Security.SubjectPublicKeyInfoAlgorithm">
      <summary>The algorithm used to generate the subject public key information blob hashes.</summary>
    </member>
    <member name="F:Microsoft.Owin.Security.SubjectPublicKeyInfoAlgorithm.Sha1">
      <summary />
    </member>
    <member name="F:Microsoft.Owin.Security.SubjectPublicKeyInfoAlgorithm.Sha256">
      <summary />
    </member>
    <member name="T:Microsoft.Owin.Security.DataHandler.PropertiesDataFormat"></member>
    <member name="M:Microsoft.Owin.Security.DataHandler.PropertiesDataFormat.#ctor(Microsoft.Owin.Security.DataProtection.IDataProtector)"></member>
    <member name="T:Microsoft.Owin.Security.DataHandler.SecureDataFormat`1">
      <typeparam name="TData"></typeparam>
    </member>
    <member name="M:Microsoft.Owin.Security.DataHandler.SecureDataFormat`1.#ctor(Microsoft.Owin.Security.DataHandler.Serializer.IDataSerializer{`0},Microsoft.Owin.Security.DataProtection.IDataProtector,Microsoft.Owin.Security.DataHandler.Encoder.ITextEncoder)"></member>
    <member name="M:Microsoft.Owin.Security.DataHandler.SecureDataFormat`1.Protect(`0)"></member>
    <member name="M:Microsoft.Owin.Security.DataHandler.SecureDataFormat`1.Unprotect(System.String)"></member>
    <member name="T:Microsoft.Owin.Security.DataHandler.TicketDataFormat"></member>
    <member name="M:Microsoft.Owin.Security.DataHandler.TicketDataFormat.#ctor(Microsoft.Owin.Security.DataProtection.IDataProtector)"></member>
    <member name="T:Microsoft.Owin.Security.DataHandler.Encoder.Base64TextEncoder">
      <summary>Représente un encodeur de texte de format base64.</summary>
    </member>
    <member name="M:Microsoft.Owin.Security.DataHandler.Encoder.Base64TextEncoder.#ctor">
      <summary>Initialise une nouvelle instance de la classe <see cref="T:Microsoft.Owin.Security.DataHandler.Encoder.Base64TextEncoder" />.</summary>
    </member>
    <member name="M:Microsoft.Owin.Security.DataHandler.Encoder.Base64TextEncoder.Decode(System.String)">
      <summary>Décode le texte spécifié.</summary>
      <returns>
        <see cref="T:System.Byte" /> qui représente les données décodées.</returns>
      <param name="text">Le texte à décoder.</param>
    </member>
    <member name="M:Microsoft.Owin.Security.DataHandler.Encoder.Base64TextEncoder.Encode(System.Byte[])">
      <summary>Convertit des données en une chaîne au format base64.</summary>
      <returns>Chaîne de données converties au format base64.</returns>
      <param name="data">Les données à convertir.</param>
    </member>
    <member name="T:Microsoft.Owin.Security.DataHandler.Encoder.Base64UrlTextEncoder">
      <summary>Représente un encodeur de texte de format Base64Url.</summary>
    </member>
    <member name="M:Microsoft.Owin.Security.DataHandler.Encoder.Base64UrlTextEncoder.#ctor">
      <summary>Initialise une nouvelle instance de la classe <see cref="T:Microsoft.Owin.Security.DataHandler.Encoder.Base64UrlTextEncoder" />.</summary>
    </member>
    <member name="M:Microsoft.Owin.Security.DataHandler.Encoder.Base64UrlTextEncoder.Decode(System.String)">
      <summary>Décode le texte spécifié.</summary>
      <returns>
        <see cref="T:System.Byte" /> qui représente les données décodées.</returns>
      <param name="text">Le texte à décoder.</param>
    </member>
    <member name="M:Microsoft.Owin.Security.DataHandler.Encoder.Base64UrlTextEncoder.Encode(System.Byte[])">
      <summary>Convertit des données en une chaîne au format Base64Url.</summary>
      <returns>Chaîne de données converties au format Base64Url.</returns>
      <param name="data">Les données à convertir.</param>
    </member>
    <member name="T:Microsoft.Owin.Security.DataHandler.Encoder.ITextEncoder">
      <summary>Représente une interface pour l'encodeur de texte.</summary>
    </member>
    <member name="M:Microsoft.Owin.Security.DataHandler.Encoder.ITextEncoder.Decode(System.String)">
      <summary>Décode le texte spécifié.</summary>
      <returns>
        <see cref="T:System.Byte" /> qui représente les données décodées.</returns>
      <param name="text">Le texte à décoder.</param>
    </member>
    <member name="M:Microsoft.Owin.Security.DataHandler.Encoder.ITextEncoder.Encode(System.Byte[])">
      <summary>Convertit des données en une chaîne.</summary>
      <returns>Chaîne de données converties.</returns>
      <param name="data">Les données à convertir.</param>
    </member>
    <member name="T:Microsoft.Owin.Security.DataHandler.Encoder.TextEncodings">
      <summary>Représente les encodages de texte.</summary>
    </member>
    <member name="P:Microsoft.Owin.Security.DataHandler.Encoder.TextEncodings.Base64">
      <summary>Obtient un encodeur de texte Base64.</summary>
      <returns>Encodeur de texte Base64.</returns>
    </member>
    <member name="P:Microsoft.Owin.Security.DataHandler.Encoder.TextEncodings.Base64Url">
      <summary>Obtient un encodeur de texte Base64Url.</summary>
      <returns>Encodeur de texte Base64Url.</returns>
    </member>
    <member name="T:Microsoft.Owin.Security.DataHandler.Serializer.DataSerializers">
      <summary>Fournit des sérialiseurs de données.</summary>
    </member>
    <member name="P:Microsoft.Owin.Security.DataHandler.Serializer.DataSerializers.Properties"></member>
    <member name="P:Microsoft.Owin.Security.DataHandler.Serializer.DataSerializers.Ticket">
      <summary>Obtient ou définit le sérialiseur de données de ticket.</summary>
      <returns>Le sérialiseur des données de ticket.</returns>
    </member>
    <member name="T:Microsoft.Owin.Security.DataHandler.Serializer.IDataSerializer`1">
      <summary>Représente une interface de sérialiseur de données.</summary>
      <typeparam name="TModel">Type de modèle pour les données.</typeparam>
    </member>
    <member name="M:Microsoft.Owin.Security.DataHandler.Serializer.IDataSerializer`1.Deserialize(System.Byte[])">
      <summary>Désérialise les données spécifiées.</summary>
      <param name="data">Données à désérialiser.</param>
    </member>
    <member name="M:Microsoft.Owin.Security.DataHandler.Serializer.IDataSerializer`1.Serialize(`0)">
      <summary>Sérialise des données avec un modèle donné.</summary>
      <param name="model">Modèle de données.</param>
    </member>
    <member name="T:Microsoft.Owin.Security.DataHandler.Serializer.PropertiesSerializer"></member>
    <member name="M:Microsoft.Owin.Security.DataHandler.Serializer.PropertiesSerializer.#ctor"></member>
    <member name="M:Microsoft.Owin.Security.DataHandler.Serializer.PropertiesSerializer.Deserialize(System.Byte[])"></member>
    <member name="M:Microsoft.Owin.Security.DataHandler.Serializer.PropertiesSerializer.Read(System.IO.BinaryReader)"></member>
    <member name="M:Microsoft.Owin.Security.DataHandler.Serializer.PropertiesSerializer.Serialize(Microsoft.Owin.Security.AuthenticationProperties)"></member>
    <member name="M:Microsoft.Owin.Security.DataHandler.Serializer.PropertiesSerializer.Write(System.IO.BinaryWriter,Microsoft.Owin.Security.AuthenticationProperties)"></member>
    <member name="T:Microsoft.Owin.Security.DataHandler.Serializer.TicketSerializer">
      <summary>Représente un sérialiseur de ticket.</summary>
    </member>
    <member name="M:Microsoft.Owin.Security.DataHandler.Serializer.TicketSerializer.#ctor">
      <summary>Initialise une nouvelle instance de la classe <see cref="T:Microsoft.Owin.Security.DataHandler.Serializer.TicketSerializer" />.</summary>
    </member>
    <member name="M:Microsoft.Owin.Security.DataHandler.Serializer.TicketSerializer.Deserialize(System.Byte[])">
      <summary>Désérialise les données de ticket.</summary>
      <returns>Données en cours de désérialisation.</returns>
      <param name="data">Données à désérialiser.</param>
    </member>
    <member name="M:Microsoft.Owin.Security.DataHandler.Serializer.TicketSerializer.Read(System.IO.BinaryReader)">
      <summary>Lit des données spécifiées à partir du lecteur.</summary>
      <returns>Données en cours de lecture.</returns>
      <param name="reader">Le lecteur à partir duquel lire.</param>
    </member>
    <member name="M:Microsoft.Owin.Security.DataHandler.Serializer.TicketSerializer.Serialize(Microsoft.Owin.Security.AuthenticationTicket)">
      <summary>Sérialise des données avec un modèle donné.</summary>
      <param name="model">Modèle de données.</param>
    </member>
    <member name="M:Microsoft.Owin.Security.DataHandler.Serializer.TicketSerializer.Write(System.IO.BinaryWriter,Microsoft.Owin.Security.AuthenticationTicket)">
      <summary>Écrit des données à partir du Writer spécifié.</summary>
      <param name="writer">Le Writer.</param>
      <param name="model">Modèle de données.</param>
    </member>
    <member name="T:Microsoft.Owin.Security.DataProtection.AppBuilderExtensions">
      <summary>Extensions du générateur d'applications.</summary>
    </member>
    <member name="M:Microsoft.Owin.Security.DataProtection.AppBuilderExtensions.CreateDataProtector(Owin.IAppBuilder,System.String[])"></member>
    <member name="M:Microsoft.Owin.Security.DataProtection.AppBuilderExtensions.GetDataProtectionProvider(Owin.IAppBuilder)">
      <summary>Récupère un fournisseur de protection de données pour l'application.</summary>
      <returns>L'objet <see cref="T:Microsoft.Owin.Security.DataProtection.IDataProtectionProvider" /> à importer.</returns>
      <param name="app">Le générateur d'applications.</param>
    </member>
    <member name="M:Microsoft.Owin.Security.DataProtection.AppBuilderExtensions.SetDataProtectionProvider(Owin.IAppBuilder,Microsoft.Owin.Security.DataProtection.IDataProtectionProvider)">
      <summary>Définit le fournisseur de protection de données.</summary>
      <param name="app">Le générateur d'applications.</param>
      <param name="dataProtectionProvider">Fournisseur de protection de données à définir.</param>
    </member>
    <member name="T:Microsoft.Owin.Security.DataProtection.DpapiDataProtectionProvider">
      <summary>Permet de fournir les services de protection de données qui dérivent de l'API de protection de données.C'est le meilleur choix de protection de données quand votre application n'est pas hébergée par ASP.NET et que tous les processus en cours d'exécution avec la même identité de domaine.</summary>
    </member>
    <member name="M:Microsoft.Owin.Security.DataProtection.DpapiDataProtectionProvider.#ctor">
      <summary>Initialise une nouvelle instance de la classe <see cref="T:Microsoft.Owin.Security.DataProtection.DpapiDataProtectionProvider" />.</summary>
    </member>
    <member name="M:Microsoft.Owin.Security.DataProtection.DpapiDataProtectionProvider.#ctor(System.String)"></member>
    <member name="M:Microsoft.Owin.Security.DataProtection.DpapiDataProtectionProvider.Create(System.String[])">
      <summary> Retourne une nouvelle instance d'IDataProtection pour le fournisseur. </summary>
      <returns>Instance d'un service de protection des données.</returns>
      <param name="purposes">Entropie supplémentaire utilisée pour faire en sorte que les données protégées puissent uniquement être déprotégées à des fins appropriées.</param>
    </member>
    <member name="T:Microsoft.Owin.Security.DataProtection.IDataProtectionProvider">
      <summary> Fabrique utilisée pour créer des instances d'IDataProtection.</summary>
    </member>
    <member name="M:Microsoft.Owin.Security.DataProtection.IDataProtectionProvider.Create(System.String[])">
      <summary> Retourne une nouvelle instance d'IDataProtection pour le fournisseur. </summary>
      <returns>Instance d'un service de protection des données.</returns>
      <param name="purposes">Entropie supplémentaire utilisée pour faire en sorte que les données protégées puissent uniquement être déprotégées à des fins appropriées.</param>
    </member>
    <member name="T:Microsoft.Owin.Security.DataProtection.IDataProtector">
      <summary> Service utilisé pour déprotéger les données.</summary>
    </member>
    <member name="M:Microsoft.Owin.Security.DataProtection.IDataProtector.Protect(System.Byte[])">
      <summary> Appelé pour protéger les données utilisateur.</summary>
      <param name="userData">Les données d'origine qui doivent être protégées.</param>
    </member>
    <member name="M:Microsoft.Owin.Security.DataProtection.IDataProtector.Unprotect(System.Byte[])">
      <summary> Appelé pour déprotéger les données utilisateur.</summary>
      <param name="protectedData">Le tableau d'octets retourné par un appel au service IDataProtection de protection d'identique.</param>
    </member>
    <member name="T:Microsoft.Owin.Security.Infrastructure.AuthenticationHandler">
      <summary> Classe de base pour le travail par demande effectué par la plupart des intergiciels (middleware) d'authentification. </summary>
    </member>
    <member name="M:Microsoft.Owin.Security.Infrastructure.AuthenticationHandler.#ctor">
      <summary>Initialise une nouvelle instance de la classe <see cref="T:Microsoft.Owin.Security.Infrastructure.AuthenticationHandler" />.</summary>
    </member>
    <member name="M:Microsoft.Owin.Security.Infrastructure.AuthenticationHandler.ApplyResponseChallengeAsync"></member>
    <member name="M:Microsoft.Owin.Security.Infrastructure.AuthenticationHandler.ApplyResponseCoreAsync"></member>
    <member name="M:Microsoft.Owin.Security.Infrastructure.AuthenticationHandler.ApplyResponseGrantAsync"></member>
    <member name="M:Microsoft.Owin.Security.Infrastructure.AuthenticationHandler.AuthenticateAsync"></member>
    <member name="M:Microsoft.Owin.Security.Infrastructure.AuthenticationHandler.AuthenticateCoreAsync"></member>
    <member name="M:Microsoft.Owin.Security.Infrastructure.AuthenticationHandler.BaseInitializeAsync(Microsoft.Owin.Security.AuthenticationOptions,Microsoft.Owin.IOwinContext)"></member>
    <member name="P:Microsoft.Owin.Security.Infrastructure.AuthenticationHandler.Context"></member>
    <member name="M:Microsoft.Owin.Security.Infrastructure.AuthenticationHandler.GenerateCorrelationId(Microsoft.Owin.Security.AuthenticationProperties)"></member>
    <member name="P:Microsoft.Owin.Security.Infrastructure.AuthenticationHandler.Helper"></member>
    <member name="M:Microsoft.Owin.Security.Infrastructure.AuthenticationHandler.InitializeCoreAsync"></member>
    <member name="M:Microsoft.Owin.Security.Infrastructure.AuthenticationHandler.InvokeAsync"></member>
    <member name="P:Microsoft.Owin.Security.Infrastructure.AuthenticationHandler.Request"></member>
    <member name="P:Microsoft.Owin.Security.Infrastructure.AuthenticationHandler.RequestPathBase"></member>
    <member name="P:Microsoft.Owin.Security.Infrastructure.AuthenticationHandler.Response"></member>
    <member name="M:Microsoft.Owin.Security.Infrastructure.AuthenticationHandler.TeardownCoreAsync"></member>
    <member name="M:Microsoft.Owin.Security.Infrastructure.AuthenticationHandler.ValidateCorrelationId(Microsoft.Owin.Security.AuthenticationProperties,Microsoft.Owin.Logging.ILogger)"></member>
    <member name="T:Microsoft.Owin.Security.Infrastructure.AuthenticationHandler`1">
      <summary>Classe de base pour le travail par demande effectué par la plupart des intergiciels (middleware) d'authentification.</summary>
      <typeparam name="TOptions">Le type des options.</typeparam>
    </member>
    <member name="M:Microsoft.Owin.Security.Infrastructure.AuthenticationHandler`1.#ctor">
      <summary>Initialise une nouvelle instance de la classe <see cref="T:Microsoft.Owin.Security.Infrastructure.AuthenticationHandler`1" />.</summary>
    </member>
    <member name="P:Microsoft.Owin.Security.Infrastructure.AuthenticationHandler`1.Options"></member>
    <member name="T:Microsoft.Owin.Security.Infrastructure.AuthenticationMiddleware`1">
      <summary>Représente un intergiciel d'authentification.</summary>
      <typeparam name="TOptions">Le type des options d'authentification.</typeparam>
    </member>
    <member name="M:Microsoft.Owin.Security.Infrastructure.AuthenticationMiddleware`1.#ctor(Microsoft.Owin.OwinMiddleware,`0)">
      <summary>Initialise une nouvelle instance de la classe <see cref="T:Microsoft.Owin.Security.Infrastructure.AuthenticationMiddleware`1" />.</summary>
      <param name="next">L'intergiciel OWIN à la page suivante.</param>
      <param name="options">Les options d'authentification.</param>
    </member>
    <member name="M:Microsoft.Owin.Security.Infrastructure.AuthenticationMiddleware`1.CreateHandler">
      <summary>Crée un gestionnaire d'authentifications.</summary>
      <returns>La <see cref="T:Microsoft.Owin.Security.Infrastructure.AuthenticationHandler`1" /> créée.</returns>
    </member>
    <member name="M:Microsoft.Owin.Security.Infrastructure.AuthenticationMiddleware`1.Invoke(Microsoft.Owin.IOwinContext)"></member>
    <member name="P:Microsoft.Owin.Security.Infrastructure.AuthenticationMiddleware`1.Options">
      <summary>Obtient ou définit les options d'authentification.</summary>
      <returns>Tâche qui exécute l'authentification.</returns>
    </member>
    <member name="T:Microsoft.Owin.Security.Infrastructure.AuthenticationTokenCreateContext"></member>
    <member name="M:Microsoft.Owin.Security.Infrastructure.AuthenticationTokenCreateContext.#ctor(Microsoft.Owin.IOwinContext,Microsoft.Owin.Security.ISecureDataFormat{Microsoft.Owin.Security.AuthenticationTicket},Microsoft.Owin.Security.AuthenticationTicket)"></member>
    <member name="M:Microsoft.Owin.Security.Infrastructure.AuthenticationTokenCreateContext.SerializeTicket"></member>
    <member name="M:Microsoft.Owin.Security.Infrastructure.AuthenticationTokenCreateContext.SetToken(System.String)"></member>
    <member name="P:Microsoft.Owin.Security.Infrastructure.AuthenticationTokenCreateContext.Ticket"></member>
    <member name="P:Microsoft.Owin.Security.Infrastructure.AuthenticationTokenCreateContext.Token"></member>
    <member name="T:Microsoft.Owin.Security.Infrastructure.AuthenticationTokenProvider"></member>
    <member name="M:Microsoft.Owin.Security.Infrastructure.AuthenticationTokenProvider.#ctor"></member>
    <member name="M:Microsoft.Owin.Security.Infrastructure.AuthenticationTokenProvider.Create(Microsoft.Owin.Security.Infrastructure.AuthenticationTokenCreateContext)"></member>
    <member name="M:Microsoft.Owin.Security.Infrastructure.AuthenticationTokenProvider.CreateAsync(Microsoft.Owin.Security.Infrastructure.AuthenticationTokenCreateContext)"></member>
    <member name="P:Microsoft.Owin.Security.Infrastructure.AuthenticationTokenProvider.OnCreate"></member>
    <member name="P:Microsoft.Owin.Security.Infrastructure.AuthenticationTokenProvider.OnCreateAsync"></member>
    <member name="P:Microsoft.Owin.Security.Infrastructure.AuthenticationTokenProvider.OnReceive"></member>
    <member name="P:Microsoft.Owin.Security.Infrastructure.AuthenticationTokenProvider.OnReceiveAsync"></member>
    <member name="M:Microsoft.Owin.Security.Infrastructure.AuthenticationTokenProvider.Receive(Microsoft.Owin.Security.Infrastructure.AuthenticationTokenReceiveContext)"></member>
    <member name="M:Microsoft.Owin.Security.Infrastructure.AuthenticationTokenProvider.ReceiveAsync(Microsoft.Owin.Security.Infrastructure.AuthenticationTokenReceiveContext)"></member>
    <member name="T:Microsoft.Owin.Security.Infrastructure.AuthenticationTokenReceiveContext"></member>
    <member name="M:Microsoft.Owin.Security.Infrastructure.AuthenticationTokenReceiveContext.#ctor(Microsoft.Owin.IOwinContext,Microsoft.Owin.Security.ISecureDataFormat{Microsoft.Owin.Security.AuthenticationTicket},System.String)"></member>
    <member name="M:Microsoft.Owin.Security.Infrastructure.AuthenticationTokenReceiveContext.DeserializeTicket(System.String)"></member>
    <member name="M:Microsoft.Owin.Security.Infrastructure.AuthenticationTokenReceiveContext.SetTicket(Microsoft.Owin.Security.AuthenticationTicket)"></member>
    <member name="P:Microsoft.Owin.Security.Infrastructure.AuthenticationTokenReceiveContext.Ticket"></member>
    <member name="P:Microsoft.Owin.Security.Infrastructure.AuthenticationTokenReceiveContext.Token"></member>
    <member name="T:Microsoft.Owin.Security.Infrastructure.IAuthenticationTokenProvider"></member>
    <member name="M:Microsoft.Owin.Security.Infrastructure.IAuthenticationTokenProvider.Create(Microsoft.Owin.Security.Infrastructure.AuthenticationTokenCreateContext)"></member>
    <member name="M:Microsoft.Owin.Security.Infrastructure.IAuthenticationTokenProvider.CreateAsync(Microsoft.Owin.Security.Infrastructure.AuthenticationTokenCreateContext)"></member>
    <member name="M:Microsoft.Owin.Security.Infrastructure.IAuthenticationTokenProvider.Receive(Microsoft.Owin.Security.Infrastructure.AuthenticationTokenReceiveContext)"></member>
    <member name="M:Microsoft.Owin.Security.Infrastructure.IAuthenticationTokenProvider.ReceiveAsync(Microsoft.Owin.Security.Infrastructure.AuthenticationTokenReceiveContext)"></member>
    <member name="T:Microsoft.Owin.Security.Infrastructure.SecurityHelper">
      <summary>Code des applications auxiliaires utilisé lors de l'implémentation de l'intergiciel (middleware) d'authentification.</summary>
    </member>
    <member name="M:Microsoft.Owin.Security.Infrastructure.SecurityHelper.#ctor(Microsoft.Owin.IOwinContext)"></member>
    <member name="M:Microsoft.Owin.Security.Infrastructure.SecurityHelper.AddUserIdentity(System.Security.Principal.IIdentity)">
      <summary>Ajoutez un ClaimsIdentity supplémentaire au ClaimsPrincipal dans la clé d'environnement « server.User ».</summary>
      <param name="identity">L'identité de cette application auxiliaire.</param>
    </member>
    <member name="M:Microsoft.Owin.Security.Infrastructure.SecurityHelper.Equals(Microsoft.Owin.Security.Infrastructure.SecurityHelper)"></member>
    <member name="M:Microsoft.Owin.Security.Infrastructure.SecurityHelper.Equals(System.Object)"></member>
    <member name="M:Microsoft.Owin.Security.Infrastructure.SecurityHelper.GetHashCode"></member>
    <member name="M:Microsoft.Owin.Security.Infrastructure.SecurityHelper.LookupChallenge(System.String,Microsoft.Owin.Security.AuthenticationMode)">
      <summary>Consultez les détails de stimulation-réponse pour un intergiciel (middleware) d'authentification spécifique.</summary>
      <returns>Les informations indiquant à l'intergiciel (middleware) comment il doit se comporter.</returns>
      <param name="authenticationType">Type d'authentification à rechercher.</param>
      <param name="authenticationMode">Le mode d'authentification sous lequel s'exécute l'intergiciel (middleware).</param>
    </member>
    <member name="M:Microsoft.Owin.Security.Infrastructure.SecurityHelper.LookupSignIn(System.String)"></member>
    <member name="M:Microsoft.Owin.Security.Infrastructure.SecurityHelper.LookupSignOut(System.String,Microsoft.Owin.Security.AuthenticationMode)"></member>
    <member name="M:Microsoft.Owin.Security.Infrastructure.SecurityHelper.op_Equality(Microsoft.Owin.Security.Infrastructure.SecurityHelper,Microsoft.Owin.Security.Infrastructure.SecurityHelper)"></member>
    <member name="M:Microsoft.Owin.Security.Infrastructure.SecurityHelper.op_Inequality(Microsoft.Owin.Security.Infrastructure.SecurityHelper,Microsoft.Owin.Security.Infrastructure.SecurityHelper)"></member>
    <member name="T:Microsoft.Owin.Security.Provider.BaseContext">
      <summary>Représente un contexte de base.</summary>
    </member>
    <member name="M:Microsoft.Owin.Security.Provider.BaseContext.#ctor(Microsoft.Owin.IOwinContext)"></member>
    <member name="P:Microsoft.Owin.Security.Provider.BaseContext.OwinContext"></member>
    <member name="P:Microsoft.Owin.Security.Provider.BaseContext.Request"></member>
    <member name="P:Microsoft.Owin.Security.Provider.BaseContext.Response"></member>
    <member name="T:Microsoft.Owin.Security.Provider.BaseContext`1">
      <summary>Base class used for certain event contexts</summary>
      <typeparam name="TOptions"></typeparam>
    </member>
    <member name="M:Microsoft.Owin.Security.Provider.BaseContext`1.#ctor(Microsoft.Owin.IOwinContext,`0)"></member>
    <member name="P:Microsoft.Owin.Security.Provider.BaseContext`1.Options"></member>
    <member name="P:Microsoft.Owin.Security.Provider.BaseContext`1.OwinContext"></member>
    <member name="P:Microsoft.Owin.Security.Provider.BaseContext`1.Request"></member>
    <member name="P:Microsoft.Owin.Security.Provider.BaseContext`1.Response"></member>
    <member name="T:Microsoft.Owin.Security.Provider.EndpointContext">
      <summary>Représente un contexte de point de terminaison.</summary>
    </member>
    <member name="M:Microsoft.Owin.Security.Provider.EndpointContext.#ctor(Microsoft.Owin.IOwinContext)"></member>
    <member name="P:Microsoft.Owin.Security.Provider.EndpointContext.IsRequestCompleted">
      <summary>Obtient ou définit une valeur indiquant si la demande pour ce contexte est exécutée.</summary>
      <returns>true i la demande pour ce contexte est exécutée ; sinon, false.</returns>
    </member>
    <member name="M:Microsoft.Owin.Security.Provider.EndpointContext.RequestCompleted">
      <summary>Indique la demande exécutée pour le contexte.</summary>
    </member>
    <member name="T:Microsoft.Owin.Security.Provider.EndpointContext`1">
      <summary>Base class used for certain event contexts</summary>
      <typeparam name="TOptions"></typeparam>
    </member>
    <member name="M:Microsoft.Owin.Security.Provider.EndpointContext`1.#ctor(Microsoft.Owin.IOwinContext,`0)">
      <summary>Creates an instance of this context</summary>
    </member>
    <member name="P:Microsoft.Owin.Security.Provider.EndpointContext`1.IsRequestCompleted">
      <summary>True if the request should not be processed further by other components.</summary>
    </member>
    <member name="M:Microsoft.Owin.Security.Provider.EndpointContext`1.RequestCompleted">
      <summary>Prevents the request from being processed further by other components. IsRequestCompleted becomes true after calling.</summary>
    </member>
    <member name="T:Microsoft.Owin.Security.Provider.ReturnEndpointContext">
      <summary>Représente le point de terminaison en retour.</summary>
    </member>
    <member name="M:Microsoft.Owin.Security.Provider.ReturnEndpointContext.#ctor(Microsoft.Owin.IOwinContext,Microsoft.Owin.Security.AuthenticationTicket)"></member>
    <member name="P:Microsoft.Owin.Security.Provider.ReturnEndpointContext.Identity">
      <summary>Obtient ou définit l'identité de ce contexte.</summary>
      <returns>L'identité de ce contexte.</returns>
    </member>
    <member name="P:Microsoft.Owin.Security.Provider.ReturnEndpointContext.Properties"></member>
    <member name="P:Microsoft.Owin.Security.Provider.ReturnEndpointContext.RedirectUri">
      <summary>Obtient ou définit l'URI qui doit être utilisé lors du retour de ce contexte.</summary>
      <returns>URI qui doit être utilisé lors du retour de ce contexte.</returns>
    </member>
    <member name="P:Microsoft.Owin.Security.Provider.ReturnEndpointContext.SignInAsAuthenticationType">
      <summary>Obtient ou définit le contexte qui établit une connexion comme type d'authentification.</summary>
      <returns>Contexte qui établit une connexion comme type d'authentification.</returns>
    </member>
  </members>
</doc>