﻿<?xml version="1.0" encoding="utf-8"?>
<doc>
  <assembly>
    <name>Microsoft.Owin.Security.Twitter</name>
  </assembly>
  <members>
    <member name="T:Microsoft.Owin.Security.Twitter.ITwitterAuthenticationProvider">
      <summary>Spécifie les méthodes de rappel appelées par <see cref="T:Microsoft.Owin.Security.Twitter.TwitterAuthenticationMiddleware" /> pour activer le contrôle du développeur sur le processus d'authentification./&amp;amp;gt;</summary>
    </member>
    <member name="M:Microsoft.Owin.Security.Twitter.ITwitterAuthenticationProvider.Authenticated(Microsoft.Owin.Security.Twitter.TwitterAuthenticatedContext)">
      <summary>Appelé lorsque Twitter réussit à authentifier un utilisateur</summary>
      <returns>
        <see cref="T:System.Threading.Tasks.Task" /> représentant l'opération terminée.</returns>
      <param name="context">Contient des informations sur l'ouverture de session et l'<see cref="T:System.Security.Claims.ClaimsIdentity" /> de l'utilisateur.</param>
    </member>
    <member name="M:Microsoft.Owin.Security.Twitter.ITwitterAuthenticationProvider.ReturnEndpoint(Microsoft.Owin.Security.Twitter.TwitterReturnEndpointContext)">
      <summary>Appelé avant l'enregistrement de l'<see cref="T:System.Security.Claims.ClaimsIdentity" /> dans un cookie local et la redirection du navigateur vers l'URL demandée à l'origine.</summary>
      <returns>
        <see cref="T:System.Threading.Tasks.Task" /> représentant l'opération terminée.</returns>
    </member>
    <member name="T:Microsoft.Owin.Security.Twitter.TwitterAuthenticatedContext">
      <summary>Contient des informations sur l'ouverture de session et l'<see cref="T:System.Security.Claims.ClaimsIdentity" /> de l'utilisateur.</summary>
    </member>
    <member name="M:Microsoft.Owin.Security.Twitter.TwitterAuthenticatedContext.#ctor(Microsoft.Owin.IOwinContext,System.String,System.String,System.String,System.String)">
      <summary>Initialise un <see cref="T:Microsoft.Owin.Security.Twitter.TwitterAuthenticatedContext" /></summary>
      <param name="context">Environnement OWIN.</param>
      <param name="userId">Identifiant utilisateur Twitter</param>
      <param name="screenName">Pseudo Twitter</param>
      <param name="accessToken">Jeton d'accès Twitter</param>
      <param name="accessTokenSecret">Secret du jeton d'accès Twitter</param>
    </member>
    <member name="P:Microsoft.Owin.Security.Twitter.TwitterAuthenticatedContext.AccessToken">
      <summary>Obtient le jeton d'accès Twitter</summary>
    </member>
    <member name="P:Microsoft.Owin.Security.Twitter.TwitterAuthenticatedContext.AccessTokenSecret">
      <summary>Obtient le secret du jeton d'accès Twitter</summary>
    </member>
    <member name="P:Microsoft.Owin.Security.Twitter.TwitterAuthenticatedContext.Identity">
      <summary>Obtient l'<see cref="T:System.Security.Claims.ClaimsIdentity" /> représentant l'utilisateur</summary>
    </member>
    <member name="P:Microsoft.Owin.Security.Twitter.TwitterAuthenticatedContext.Properties">
      <summary>Obtient ou définit un conteneur des propriétés pour les propriétés d'authentification courantes</summary>
    </member>
    <member name="P:Microsoft.Owin.Security.Twitter.TwitterAuthenticatedContext.ScreenName">
      <summary>Obtient le pseudo Twitter</summary>
    </member>
    <member name="P:Microsoft.Owin.Security.Twitter.TwitterAuthenticatedContext.UserId">
      <summary>Obtient l'identifiant utilisateur Twitter.</summary>
    </member>
    <member name="T:Microsoft.Owin.Security.Twitter.TwitterAuthenticationMiddleware">
      <summary>Intergiciel (middleware) OWIN d'authentification des utilisateurs à l'aide de Twitter</summary>
    </member>
    <member name="M:Microsoft.Owin.Security.Twitter.TwitterAuthenticationMiddleware.#ctor(Microsoft.Owin.OwinMiddleware,Owin.IAppBuilder,Microsoft.Owin.Security.Twitter.TwitterAuthenticationOptions)">
      <summary>Initialise un <see cref="T:Microsoft.Owin.Security.Twitter.TwitterAuthenticationMiddleware" /></summary>
      <param name="next">Intergiciel (middleware) suivant dans le pipeline OWIN à appeler</param>
      <param name="app">Application OWIN</param>
      <param name="options">Options de configuration pour l'intergiciel (middleware)</param>
    </member>
    <member name="M:Microsoft.Owin.Security.Twitter.TwitterAuthenticationMiddleware.CreateHandler">
      <summary>Fournit l'objet <see cref="T:Microsoft.Owin.Security.Infrastructure.AuthenticationHandler" /> pour le traitement des demandes liées à l'authentification.</summary>
      <returns>
        <see cref="T:Microsoft.Owin.Security.Infrastructure.AuthenticationHandler" /> configuré avec les <see cref="T:Microsoft.Owin.Security.Twitter.TwitterAuthenticationOptions" /> fournies au constructeur.</returns>
    </member>
    <member name="T:Microsoft.Owin.Security.Twitter.TwitterAuthenticationOptions">
      <summary>Options pour l'intergiciel d'authentification Twitter.</summary>
    </member>
    <member name="M:Microsoft.Owin.Security.Twitter.TwitterAuthenticationOptions.#ctor">
      <summary>Initialise une nouvelle instance de la classe <see cref="T:Microsoft.Owin.Security.Twitter.TwitterAuthenticationOptions" />.</summary>
    </member>
    <member name="P:Microsoft.Owin.Security.Twitter.TwitterAuthenticationOptions.BackchannelCertificateValidator">
      <summary>Obtient ou définit le validateur de certificat épinglé servant à valider le fait que les points de terminaison utilisés dans les communications du canal arrière appartiennent à Twitter.</summary>
      <returns>Validateur de certificat épinglé.</returns>
    </member>
    <member name="P:Microsoft.Owin.Security.Twitter.TwitterAuthenticationOptions.BackchannelHttpHandler">
      <summary>HttpMessageHandler servant à communiquer avec Twitter.Ce paramètre ne peut pas être défini en même temps que BackchannelCertificateValidator, sauf si la valeur peut être convertie en WebRequestHandler.</summary>
    </member>
    <member name="P:Microsoft.Owin.Security.Twitter.TwitterAuthenticationOptions.BackchannelTimeout">
      <summary>Obtient ou définit le délai d'expiration en millisecondes pour les communications du canal arrière avec Twitter.</summary>
      <returns>Délai d'expiration du canal arrière.</returns>
    </member>
    <member name="P:Microsoft.Owin.Security.Twitter.TwitterAuthenticationOptions.CallbackPath">
      <summary>Chemin d'accès à la demande au sein du chemin d'accès de base de l'application où l'agent utilisateur est renvoyé.L'intergiciel (middleware) traitera cette demande à son arrivée.La valeur par défaut est « /signin-twitter ».</summary>
    </member>
    <member name="P:Microsoft.Owin.Security.Twitter.TwitterAuthenticationOptions.Caption">
      <summary>Obtient ou définit le texte que l'utilisateur peut afficher sur une interface utilisateur de connexion.</summary>
    </member>
    <member name="P:Microsoft.Owin.Security.Twitter.TwitterAuthenticationOptions.ConsumerKey">
      <summary>Obtient ou définit la clé de client servant à communiquer avec Twitter.</summary>
      <returns>Clé de client servant à communiquer avec Twitter.</returns>
    </member>
    <member name="P:Microsoft.Owin.Security.Twitter.TwitterAuthenticationOptions.ConsumerSecret">
      <summary>Obtient ou définit la question secrète du client servant à signer des demandes à Twitter.</summary>
      <returns>Question secrète du client servant à signer des demandes à Twitter.</returns>
    </member>
    <member name="P:Microsoft.Owin.Security.Twitter.TwitterAuthenticationOptions.Provider">
      <summary>Obtient ou définit le <see cref="T:Microsoft.Owin.Security.Twitter.ITwitterAuthenticationProvider" /> servant à traiter les événements d'authentification.</summary>
    </member>
    <member name="P:Microsoft.Owin.Security.Twitter.TwitterAuthenticationOptions.SignInAsAuthenticationType">
      <summary>Obtient ou définit le nom d'un autre intergiciel (middleware) d'authentification qui sera responsable de l'émission d'une <see cref="T:System.Security.Claims.ClaimsIdentity" /> utilisateur.</summary>
    </member>
    <member name="P:Microsoft.Owin.Security.Twitter.TwitterAuthenticationOptions.StateDataFormat">
      <summary>Obtient ou définit le type servant à sécuriser les données traitées par l'intergiciel (middleware).</summary>
    </member>
    <member name="T:Microsoft.Owin.Security.Twitter.TwitterAuthenticationProvider">
      <summary>Implémentation <see cref="T:Microsoft.Owin.Security.Twitter.ITwitterAuthenticationProvider" /> par défaut.</summary>
    </member>
    <member name="M:Microsoft.Owin.Security.Twitter.TwitterAuthenticationProvider.#ctor">
      <summary>Initialise un <see cref="T:Microsoft.Owin.Security.Twitter.TwitterAuthenticationProvider" /></summary>
    </member>
    <member name="M:Microsoft.Owin.Security.Twitter.TwitterAuthenticationProvider.Authenticated(Microsoft.Owin.Security.Twitter.TwitterAuthenticatedContext)">
      <summary>Appelé lorsque Twitter réussit à authentifier un utilisateur</summary>
      <returns>
        <see cref="T:System.Threading.Tasks.Task" /> représentant l'opération terminée.</returns>
      <param name="context">Contient des informations sur l'ouverture de session et l'<see cref="T:System.Security.Claims.ClaimsIdentity" /> de l'utilisateur.</param>
    </member>
    <member name="P:Microsoft.Owin.Security.Twitter.TwitterAuthenticationProvider.OnAuthenticated">
      <summary>Obtient ou définit la fonction appelée lors de l'appel de la méthode Authenticated.</summary>
    </member>
    <member name="P:Microsoft.Owin.Security.Twitter.TwitterAuthenticationProvider.OnReturnEndpoint">
      <summary>Obtient ou définit la fonction appelée lors de l'appel de la méthode ReturnEndpoint.</summary>
    </member>
    <member name="M:Microsoft.Owin.Security.Twitter.TwitterAuthenticationProvider.ReturnEndpoint(Microsoft.Owin.Security.Twitter.TwitterReturnEndpointContext)">
      <summary>Appelé avant l'enregistrement de l'<see cref="T:System.Security.Claims.ClaimsIdentity" /> dans un cookie local et la redirection du navigateur vers l'URL demandée à l'origine.</summary>
      <returns>
        <see cref="T:System.Threading.Tasks.Task" /> représentant l'opération terminée.</returns>
    </member>
    <member name="T:Microsoft.Owin.Security.Twitter.TwitterReturnEndpointContext">
      <summary>Fournit des informations de contexte aux fournisseurs d'intergiciels (middleware).</summary>
    </member>
    <member name="M:Microsoft.Owin.Security.Twitter.TwitterReturnEndpointContext.#ctor(Microsoft.Owin.IOwinContext,Microsoft.Owin.Security.AuthenticationTicket)">
      <summary>Initialise une nouvelle instance <see cref="T:Microsoft.Owin.Security.Twitter.TwitterReturnEndpointContext" />.</summary>
      <param name="context">Environnement OWIN</param>
      <param name="ticket">Ticket d'authentification</param>
    </member>
    <member name="T:Microsoft.Owin.Security.Twitter.Messages.AccessToken">
      <summary>Jeton d'accès Twitter</summary>
    </member>
    <member name="M:Microsoft.Owin.Security.Twitter.Messages.AccessToken.#ctor"></member>
    <member name="P:Microsoft.Owin.Security.Twitter.Messages.AccessToken.ScreenName">
      <summary>Obtient ou définit le pseudo Twitter</summary>
    </member>
    <member name="P:Microsoft.Owin.Security.Twitter.Messages.AccessToken.UserId">
      <summary>Obtient ou définit l'identifiant utilisateur Twitter</summary>
    </member>
    <member name="T:Microsoft.Owin.Security.Twitter.Messages.RequestToken">
      <summary>Jeton de demande Twitter</summary>
    </member>
    <member name="M:Microsoft.Owin.Security.Twitter.Messages.RequestToken.#ctor"></member>
    <member name="P:Microsoft.Owin.Security.Twitter.Messages.RequestToken.CallbackConfirmed"></member>
    <member name="P:Microsoft.Owin.Security.Twitter.Messages.RequestToken.Properties">
      <summary>Obtient ou définit un conteneur des propriétés pour les propriétés d'authentification courantes</summary>
    </member>
    <member name="P:Microsoft.Owin.Security.Twitter.Messages.RequestToken.Token">
      <summary>Obtient ou définit le jeton Twitter.</summary>
    </member>
    <member name="P:Microsoft.Owin.Security.Twitter.Messages.RequestToken.TokenSecret">
      <summary>Obtient ou définit le secret du jeton Twitter</summary>
    </member>
    <member name="T:Microsoft.Owin.Security.Twitter.Messages.RequestTokenSerializer">
      <summary>Sérialise et désérialise les jetons de demande et d'accès Twitter afin qu'ils puissent être utilisés par d'autres composants d'application.</summary>
    </member>
    <member name="M:Microsoft.Owin.Security.Twitter.Messages.RequestTokenSerializer.#ctor"></member>
    <member name="M:Microsoft.Owin.Security.Twitter.Messages.RequestTokenSerializer.Deserialize(System.Byte[])">
      <summary>Désérialise un jeton de demande</summary>
      <returns>Jeton de demande Twitter</returns>
      <param name="data">Tableau d'octets contenant le jeton sérialisé</param>
    </member>
    <member name="M:Microsoft.Owin.Security.Twitter.Messages.RequestTokenSerializer.Read(System.IO.BinaryReader)">
      <summary>Lit un jeton de demande Twitter à partir d'une série d'octets.Utilisé par la méthode <see cref="M:Microsoft.Owin.Security.Twitter.Messages.RequestTokenSerializer.Deserialize(System.Byte[])" />.</summary>
      <returns>Jeton</returns>
      <param name="reader">Lecteur à utiliser lors de la lecture des octets du jeton</param>
    </member>
    <member name="M:Microsoft.Owin.Security.Twitter.Messages.RequestTokenSerializer.Serialize(Microsoft.Owin.Security.Twitter.Messages.RequestToken)">
      <summary>Sérialise un jeton de demande</summary>
      <returns>Tableau d'octets contenant le jeton sérialisé</returns>
      <param name="model">Jeton à sérialiser</param>
    </member>
    <member name="M:Microsoft.Owin.Security.Twitter.Messages.RequestTokenSerializer.Write(System.IO.BinaryWriter,Microsoft.Owin.Security.Twitter.Messages.RequestToken)">
      <summary>Écrit un jeton de demande Twitter comme une série d'octets.Utilisé par la méthode <see cref="M:Microsoft.Owin.Security.Twitter.Messages.RequestTokenSerializer.Serialize(Microsoft.Owin.Security.Twitter.Messages.RequestToken)" />.</summary>
      <param name="writer">Enregistreur à utiliser lors de l'écriture du jeton</param>
      <param name="token">Jeton à écrire</param>
    </member>
    <member name="T:Microsoft.Owin.Security.Twitter.Messages.Serializers">
      <summary>Fournit l'accès au sérialiseur du jeton de demande</summary>
    </member>
    <member name="P:Microsoft.Owin.Security.Twitter.Messages.Serializers.RequestToken">
      <summary>Obtient ou définit un objet sérialiseur disponible statiquement.Par défaut, la valeur de cette propriété est <see cref="T:Microsoft.Owin.Security.Twitter.Messages.RequestTokenSerializer" />.</summary>
    </member>
    <member name="T:Owin.TwitterAuthenticationExtensions">
      <summary>Méthodes d'extension pour l'utilisation de <see cref="T:Microsoft.Owin.Security.Twitter.TwitterAuthenticationMiddleware" /></summary>
    </member>
    <member name="M:Owin.TwitterAuthenticationExtensions.UseTwitterAuthentication(Owin.IAppBuilder,Microsoft.Owin.Security.Twitter.TwitterAuthenticationOptions)">
      <summary>Authentifie les utilisateurs à l'aide de Twitter</summary>
      <returns>
        <see cref="T:Owin.IAppBuilder" /> mis à jour</returns>
      <param name="app">
        <see cref="T:Owin.IAppBuilder" /> transmis à la méthode de configuration</param>
      <param name="options">Options de configuration de l'intergiciel (middleware)</param>
    </member>
    <member name="M:Owin.TwitterAuthenticationExtensions.UseTwitterAuthentication(Owin.IAppBuilder,System.String,System.String)">
      <summary>Authentifie les utilisateurs à l'aide de Twitter</summary>
      <returns>
        <see cref="T:Owin.IAppBuilder" /> mis à jour</returns>
      <param name="app">
        <see cref="T:Owin.IAppBuilder" /> transmis à la méthode de configuration</param>
      <param name="consumerKey">Clé de client émise par Twitter</param>
      <param name="consumerSecret">Question secrète de client émise par Twitter</param>
    </member>
  </members>
</doc>