﻿<?xml version="1.0" encoding="utf-8"?>
<doc>
  <assembly>
    <name>Microsoft.Owin.Security.Google</name>
  </assembly>
  <members>
    <member name="T:Microsoft.Owin.Security.Google.GoogleAuthenticatedContext">
      <summary>Représente un contexte authentifié Google.</summary>
    </member>
    <member name="M:Microsoft.Owin.Security.Google.GoogleAuthenticatedContext.#ctor(Microsoft.Owin.IOwinContext,System.Security.Claims.ClaimsIdentity,Microsoft.Owin.Security.AuthenticationProperties,System.Xml.Linq.XElement,System.Collections.Generic.IDictionary{System.String,System.String})"></member>
    <member name="P:Microsoft.Owin.Security.Google.GoogleAuthenticatedContext.AttributeExchangeProperties">
      <summary>Obtient ou définit le contexte d'échange d'attributs.</summary>
      <returns>Propriétés du contexte d'échange d'attributs.</returns>
    </member>
    <member name="P:Microsoft.Owin.Security.Google.GoogleAuthenticatedContext.Identity">
      <summary>Obtient ou définit l'identité de la revendication associée au contexte.</summary>
      <returns>Identité de la revendication associée au contexte.</returns>
    </member>
    <member name="P:Microsoft.Owin.Security.Google.GoogleAuthenticatedContext.Properties"></member>
    <member name="P:Microsoft.Owin.Security.Google.GoogleAuthenticatedContext.ResponseMessage">
      <summary>Obtient ou définit le message de réponse d'authentification.</summary>
      <returns>Message de réponse d'authentification.</returns>
    </member>
    <member name="T:Microsoft.Owin.Security.Google.GoogleAuthenticationMiddleware">
      <summary>Représente un intergiciel d'authentification Google.</summary>
    </member>
    <member name="M:Microsoft.Owin.Security.Google.GoogleAuthenticationMiddleware.#ctor(Microsoft.Owin.OwinMiddleware,Owin.IAppBuilder,Microsoft.Owin.Security.Google.GoogleAuthenticationOptions)">
      <summary>Initialise une nouvelle instance de la classe <see cref="T:Microsoft.Owin.Security.Google.GoogleAuthenticationMiddleware" />.</summary>
      <param name="next">Prochaine application à authentifier.</param>
      <param name="app">Le générateur d'applications.</param>
      <param name="options">Les options d'authentification.</param>
    </member>
    <member name="M:Microsoft.Owin.Security.Google.GoogleAuthenticationMiddleware.CreateHandler">
      <summary>Crée un gestionnaire d'authentification pour cet intergiciel.</summary>
      <returns>La <see cref="T:Microsoft.Owin.Security.Infrastructure.AuthenticationHandler`1" /> créée.</returns>
    </member>
    <member name="T:Microsoft.Owin.Security.Google.GoogleAuthenticationOptions">
      <summary>Représente les options d'authentification Google.</summary>
    </member>
    <member name="M:Microsoft.Owin.Security.Google.GoogleAuthenticationOptions.#ctor">
      <summary>Initialise une nouvelle instance de la classe <see cref="T:Microsoft.Owin.Security.Google.GoogleAuthenticationOptions" />.</summary>
    </member>
    <member name="P:Microsoft.Owin.Security.Google.GoogleAuthenticationOptions.BackchannelCertificateValidator"></member>
    <member name="P:Microsoft.Owin.Security.Google.GoogleAuthenticationOptions.BackchannelHttpHandler"></member>
    <member name="P:Microsoft.Owin.Security.Google.GoogleAuthenticationOptions.BackchannelTimeout"></member>
    <member name="P:Microsoft.Owin.Security.Google.GoogleAuthenticationOptions.CallbackPath"></member>
    <member name="P:Microsoft.Owin.Security.Google.GoogleAuthenticationOptions.Caption">
      <summary>Obtient ou définit la légende utilisée pour l'authentification.</summary>
      <returns>Légende utilisée pour l'authentification.</returns>
    </member>
    <member name="P:Microsoft.Owin.Security.Google.GoogleAuthenticationOptions.Provider">
      <summary>Obtient ou définit le fournisseur d'authentification Google.</summary>
      <returns>Fournisseur d'authentification Google.</returns>
    </member>
    <member name="P:Microsoft.Owin.Security.Google.GoogleAuthenticationOptions.SignInAsAuthenticationType">
      <summary>Obtient ou définit le type d'authentification utilisé pour se connecter à Google.</summary>
      <returns>Type d'authentification utilisé pour se connecter à Google.</returns>
    </member>
    <member name="P:Microsoft.Owin.Security.Google.GoogleAuthenticationOptions.StateDataFormat"></member>
    <member name="T:Microsoft.Owin.Security.Google.GoogleAuthenticationProvider">
      <summary>Représente un fournisseur d'authentification Google.</summary>
    </member>
    <member name="M:Microsoft.Owin.Security.Google.GoogleAuthenticationProvider.#ctor">
      <summary>Initialise une nouvelle instance de la classe <see cref="T:Microsoft.Owin.Security.Google.GoogleAuthenticationProvider" />.</summary>
    </member>
    <member name="M:Microsoft.Owin.Security.Google.GoogleAuthenticationProvider.Authenticated(Microsoft.Owin.Security.Google.GoogleAuthenticatedContext)">
      <summary>Indique le contexte authentifié spécifié.</summary>
      <returns>Tâche qui représente l'opération visant à authentifier le contexte.</returns>
      <param name="context">Contexte authentifié Google.</param>
    </member>
    <member name="P:Microsoft.Owin.Security.Google.GoogleAuthenticationProvider.OnAuthenticated">
      <summary>Obtient ou définit la fonction qui appelle l'événement Authenticated.</summary>
      <returns>Fonction qui appelle l'événement Authenticated.</returns>
    </member>
    <member name="P:Microsoft.Owin.Security.Google.GoogleAuthenticationProvider.OnReturnEndpoint">
      <summary>Obtient ou définit la fonction qui appelle l'événement ReturnEndpoint.</summary>
      <returns>Fonction qui appelle l'événement ReturnEndpoint.</returns>
    </member>
    <member name="M:Microsoft.Owin.Security.Google.GoogleAuthenticationProvider.ReturnEndpoint(Microsoft.Owin.Security.Google.GoogleReturnEndpointContext)">
      <summary>Indique le contexte du point de terminaison en retour spécifié.</summary>
      <returns>Tâche qui traite le point de terminaison en retour.</returns>
      <param name="context">Contexte du point de terminaison Google en retour.</param>
    </member>
    <member name="T:Microsoft.Owin.Security.Google.GoogleReturnEndpointContext">
      <summary>Représente le point de terminaison Google en retour.</summary>
    </member>
    <member name="M:Microsoft.Owin.Security.Google.GoogleReturnEndpointContext.#ctor(Microsoft.Owin.IOwinContext,Microsoft.Owin.Security.AuthenticationTicket)"></member>
    <member name="T:Microsoft.Owin.Security.Google.IGoogleAuthenticationProvider">
      <summary>Fournit l'interface pour le fournisseur d'authentification Google.</summary>
    </member>
    <member name="M:Microsoft.Owin.Security.Google.IGoogleAuthenticationProvider.Authenticated(Microsoft.Owin.Security.Google.GoogleAuthenticatedContext)">
      <summary>Indique le contexte authentifié spécifié.</summary>
      <returns>Tâche qui représente l'opération visant à authentifier le contexte.</returns>
      <param name="context">Contexte authentifié Google.</param>
    </member>
    <member name="M:Microsoft.Owin.Security.Google.IGoogleAuthenticationProvider.ReturnEndpoint(Microsoft.Owin.Security.Google.GoogleReturnEndpointContext)">
      <summary>Indique le contexte du point de terminaison en retour spécifié.</summary>
      <returns>Tâche qui traite le point de terminaison en retour.</returns>
      <param name="context">Contexte du point de terminaison Google en retour.</param>
    </member>
    <member name="T:Owin.GoogleAuthenticationExtensions">
      <summary>Représente les méthodes d'extension pour l'authentification Google.</summary>
    </member>
    <member name="M:Owin.GoogleAuthenticationExtensions.UseGoogleAuthentication(Owin.IAppBuilder)">
      <summary>Appelée après l'utilisation de l'authentification Google par l'intergiciel.</summary>
      <returns>Authentification Google.</returns>
      <param name="app">Le générateur d'applications.</param>
    </member>
    <member name="M:Owin.GoogleAuthenticationExtensions.UseGoogleAuthentication(Owin.IAppBuilder,Microsoft.Owin.Security.Google.GoogleAuthenticationOptions)">
      <summary>Appelée après l'utilisation de l'authentification Google par l'intergiciel.</summary>
      <returns>Authentification Google.</returns>
      <param name="app">Le générateur d'applications.</param>
      <param name="options">Authentification Google.</param>
    </member>
  </members>
</doc>